Unnamed: 0,subject,participant_id,mean_confidence,sd_confidence,mean_RT,sd_RT,Accuracy,estimated_mean_beta,estimated_mean_lapse,estimated_mean_alpha,estimated_q5_beta,estimated_q5_lapse,estimated_q5_alpha,estimated_q95_beta,estimated_q95_lapse,estimated_q95_alpha
1,1,sub-0263,58.4356398809524,34.4086883111911,0.612810229456434,0.601026403925483,0.803571428571429,-1.9649049795,-6.395529674625,12.2565487025,-2.574567,-9.392388,11.055375,-1.371517,-3.676549,13.490615
2,2,sub-0264,54.6146716101695,35.5725195037479,0.7786602423846,0.440643096551352,0.779661016949153,-1.16142393569275,-3.9339875710875,13.5792867375,-1.954743,-7.102371,12.92438,-0.418212600000001,-1.449655,14.222035
3,3,sub-0266,57.8573994252874,26.6479089164313,0.481374156034659,0.34752181230491,0.681034482758621,-0.559892525609125,-2.522257908175,13.6840210125,-1.2663405,-4.9602975,13.248995,0.043689535,-0.7927127,14.287875
4,4,sub-0267,47.4826388888889,38.0954131700223,0.548962997435667,0.424260568288676,0.811965811965812,-1.41599107215,-4.779393886875,12.40584965,-2.1000665,-7.690588,11.722195,-0.8222316,-2.5116315,13.11435
5,5,sub-0268,64.5225694444444,32.6514630288901,0.434968409167171,0.281358902914769,0.783333333333333,-1.0280837505375,-3.755413120875,13.65007905,-1.6191125,-6.2095465,13.12637,-0.50866045,-1.853477,14.14841
6,6,sub-0269,68.2356770833333,26.7707478098702,0.942142175000481,0.623584773579046,0.758333333333333,-1.29456588771875,-4.477198733125,11.6073294175,-2.177602,-7.6630975,10.893885,-0.59464315,-2.0557765,12.462105
7,7,sub-0270,62.2938368055556,33.2422184798259,0.731934755000232,0.401293505253174,0.791666666666667,-1.7005652105375,-5.598077923875,12.67144936625,-2.317676,-8.427608,11.695475,-1.105111,-3.0849945,13.59752
8,8,sub-0271,29.5430672268908,31.4343538446297,0.928763842017453,0.582052004973808,0.781512605042017,-1.40745958510875,-4.503838059,12.544576755,-2.3313415,-8.3922035,11.67179,-0.428780050000001,-1.4344515,13.5804
9,9,sub-0273,61.1805555555556,25.5923406664726,0.576045428332873,0.401501265968184,0.775,-0.860097291422,-3.35531583885,13.308835175,-1.607391,-6.020569,12.89069,-0.24407295,-1.496213,13.79832
10,10,sub-0274,49.4444444444444,35.0359824492792,0.620198636667677,0.45903393456985,0.825,-1.6293859238875,-5.309221639875,12.33943821375,-2.3016545,-8.48857,11.452325,-0.912452,-2.170738,13.23742
11,11,sub-0276,52.4913194444444,28.5146628647123,0.710127346667529,0.478567008299943,0.808333333333333,-0.99681961718125,-3.783762227625,11.4553082125,-1.6151595,-6.2022185,10.9721,-0.445663850000001,-1.953566,11.967905
12,12,sub-0277,67.0671393557423,29.6642560871912,0.582032831091025,0.34313725806217,0.773109243697479,-0.999011332615331,-3.1235134075475,12.5864228625,-2.010857,-6.9701355,11.916395,-0.26679045,-1.1620175,13.477025
13,13,sub-0278,82.0115546218487,27.8725056649878,0.71862758739466,0.475709869560067,0.815126050420168,-1.00188851644465,-3.228027162,11.56473971625,-2.5743295,-8.9703585,10.807175,-0.10947505,-1.061626,13.18629
14,14,sub-0279,72.0811631944444,24.3317500033407,0.659152741666912,0.415783569056625,0.808333333333333,-1.721136175855,-5.525330927375,13.59944221125,-2.423236,-8.864082,12.497925,-0.78079575,-1.697907,14.59126
15,15,sub-0280,82.4776785714286,23.4718082732149,0.657058279830258,0.460801419079436,0.798319327731092,-1.57955337638,-5.13068492075,12.7763754825,-2.1921315,-8.157012,11.840765,-0.859480400000001,-2.0882,13.68842
16,16,sub-0282,51.1640847578348,39.9462642611928,0.726834331624186,0.65921841010097,0.794871794871795,-0.996612959118625,-3.40050346335,14.8236852875,-1.7979345,-6.638939,14.229085,-0.27514965,-1.154925,15.37421
17,17,sub-0287,67.7452256944444,31.1969469681089,0.81493981499807,0.566021036010935,0.808333333333333,-1.2390404676025,-4.3402683275,12.8595109375,-1.946966,-7.090441,12.280795,-0.637001450000001,-2.247291,13.429705
18,18,sub-0288,60.4516806722689,35.7049879462904,0.886111007562639,0.493020557727285,0.815126050420168,-1.08044684239046,-3.49643983025,10.7457686625,-2.4593945,-8.7039065,9.860623,-0.1450214,-1.1077715,12.401615
19,19,sub-0291,55.6770833333333,29.6116276706224,0.593195484999645,0.456281121497995,0.816666666666667,-2.06199634253875,-6.711560692875,9.46644024,-3.283608,-11.200045,7.646878,-0.814,-2.447061,12.48272
20,20,sub-0292,54.0321180555556,38.6088560379452,0.787162219165475,0.302403894012775,0.791666666666667,-1.377732876,-4.7263313875,12.1864384075,-1.993245,-7.37972,11.46296,-0.83633095,-2.533694,12.93336
21,21,sub-0293,55.5034722222222,16.9544473299809,0.479603807499128,0.298860302668785,0.775,-1.73452673804875,-5.54030811901875,13.19638673625,-2.610458,-9.380689,12.01739,-0.515296800000002,-1.1881385,14.367125
22,22,sub-0294,65.5068277310924,39.9953316861215,0.821202155461872,0.478490454115233,0.823529411764706,-2.741761479375,-8.803807915,11.58381785875,-3.5024915,-12.46293,9.878856,-2.115577,-5.6826235,13.51995
23,23,sub-0295,67.4175347222222,19.9116687875668,0.570949980829998,0.287354503936006,0.825,-1.4337698211125,-4.68138515755,14.8138493625,-2.254145,-8.1269895,13.941035,-0.63223845,-1.721953,15.501415
24,24,sub-0296,40.1302083333333,38.0705548843648,0.848769832502391,0.433383128819096,0.8,-1.225947539268,-4.03642884075,15.068819475,-1.9528285,-7.2165675,14.182895,-0.39774045,-1.166475,15.741935
25,25,sub-0297,47.6019965277778,26.5077534183861,0.708141785832898,0.461205761200655,0.8,-1.17834572742625,-3.899027686,12.699498275,-1.994566,-7.275717,12.070795,-0.487242750000001,-1.61977,13.38391
26,26,sub-0298,52.140231092437,28.4230138903979,0.696004068073934,0.474877028648206,0.80672268907563,-1.73106230825,-5.661826070625,11.775477165,-2.3895935,-8.682905,10.80538,-1.0981475,-2.8689065,12.78902
27,27,sub-0299,73.4461805555556,21.4325091292703,1.13332997666633,0.55878600606194,0.7,-1.58617826094975,-4.7763558599215,14.57607441375,-2.6813605,-9.5754035,11.32198,0.035688265,0.2188718,16.54371
28,28,sub-0300,46.7064950980392,33.7578518465233,0.9694276529411,0.636636939328946,0.823529411764706,-2.27788105865,-7.368430074625,12.022285975,-3.028932,-10.873095,10.710695,-1.531706,-4.2343495,13.389815
29,29,sub-0301,55.5164930555556,26.8644526612399,0.887785021668727,0.526988794083724,0.616666666666667,-0.22462716291525,-0.0588789112971,13.42040377875,-1.432882,-2.438602,11.453455,0.50530615,1.2516385,15.717605
30,30,sub-0303,76.4333858543417,22.9988743315866,0.427278123657315,0.241430228811889,0.798319327731092,-1.65693836955437,-5.2386609846,12.8612125025,-2.567998,-9.1536375,11.79093,-0.42341795,-1.132688,13.964405
31,31,sub-0304,51.85546875,25.9972170218685,0.698734886666898,0.42945138230196,0.65,-0.662172475163025,-1.59483327883062,13.36858128125,-2.251067,-7.758094,11.16251,0.30000095,0.5944938,16.10053
32,32,sub-0306,53.5112847222222,27.580951523867,0.779436493333924,0.421366625034488,0.808333333333333,-1.3873725150125,-4.580130212875,11.1637486175,-2.099984,-7.7655075,10.40443,-0.63710425,-1.845147,12.03173
33,33,sub-0307,69.5783943965517,34.9397537379542,0.494545920688513,0.504779797044181,0.775862068965517,-1.42490624979,-4.712448102,12.953309875,-2.111965,-7.744537,12.185625,-0.77583565,-2.0839445,13.74903
34,34,sub-0309,61.8290960451977,35.703716293392,0.533742970338099,0.380631296067059,0.745762711864407,-0.689464987871538,-1.655200347752,12.0802491425,-2.434667,-7.8580415,10.14928,0.0587888199999994,-0.2376362,14.497805
35,35,sub-0310,55.6640625,20.3036112873097,0.760280100832703,0.495702130006624,0.775,-1.29449232710125,-4.4227096606625,14.6189862,-2.23564,-7.8533075,13.81079,-0.5348441,-1.81284,15.266805
36,36,sub-0311,56.2738715277778,31.7113146862423,0.766687748334759,0.356141624227204,0.841666666666667,-2.6922575800625,-8.63070825575,11.74081907375,-3.3625115,-12.02336,10.0806,-2.1347965,-5.693901,13.510705
37,37,sub-0314,88.3797268907563,29.618249521556,1.06986847731379,0.465006387735923,0.764705882352941,-3.13309006125,-10.0504476925,11.99380496375,-3.8260085,-13.84213,9.649203,-2.4628295,-6.762913,14.414795
38,38,sub-0315,57.8624131944444,25.0980633502687,1.01866070333514,0.548971750554874,0.791666666666667,-1.2342584530625,-4.23375683125,13.4538691375,-1.842868,-6.897153,12.8042,-0.691562400000001,-2.025912,14.0692
39,39,sub-0317,52.2504340277778,18.8423165727311,0.528040074169015,0.413747140143147,0.783333333333333,-0.948139126980625,-3.48507117275,12.4590865,-1.81236,-6.4766165,11.99533,-0.2627513,-1.360598,13.04865
40,40,sub-0318,49.9912464985994,43.6735044691022,0.520187937812547,0.208242585196886,0.815126050420168,-1.03137491448625,-3.10396810875,14.4517757875,-2.1011455,-7.4108015,13.442335,-0.1890685,-0.8969679,15.32862
41,41,sub-0319,65.7563025210084,33.4098476370108,0.946901516805446,0.57395887183948,0.773109243697479,-1.268230034975,-4.395790902,13.7945700125,-1.9012395,-7.0267725,13.130585,-0.66117015,-2.2527265,14.45637
42,42,sub-0320,71.5642507002801,33.4716045835309,0.85137821764694,0.423202480071445,0.815126050420168,-3.16357847,-10.128080735,11.47672917,-3.937475,-14.15889,9.0384145,-2.4233425,-6.666723,13.962785
43,43,sub-0321,53.9587710084034,25.1696465055971,0.823123991594576,0.458598522792964,0.747899159663866,-1.07619333621375,-3.872817232225,13.5166784625,-1.7489065,-6.5244295,12.924165,-0.4714288,-1.81397,14.14032
44,44,sub-0323,65.1019965277778,37.4766575999011,1.10557694583258,0.600399165496881,0.791666666666667,-1.37734269401,-4.38027325294375,13.36490126125,-2.2818475,-8.2964055,12.466205,-0.35146095,-1.2529095,14.397265
45,45,sub-0327,49.2874053030303,20.5270840935264,0.633047076362312,0.472338556056964,0.781818181818182,-1.3255987670125,-4.4675069054375,13.353192275,-2.031558,-7.3461735,12.640065,-0.71059645,-2.1030055,14.0913
46,46,sub-0328,73.828125,31.1164784255563,0.853612461072093,0.55941178962833,0.805084745762712,-1.66840133588625,-5.3506112284125,13.87527295,-2.600896,-9.2171845,12.44609,-0.53433855,-1.2165215,14.851205
47,47,sub-0331,44.3583683473389,23.3933513223783,0.942836278989841,0.682641532889154,0.80672268907563,-1.11227615673875,-3.87176455875,12.1797240375,-1.811725,-6.680003,11.595235,-0.451331150000001,-1.5938595,12.76386
48,48,sub-0332,52.1202256944444,40.9170145744341,0.680320994167414,0.459204523145249,0.725,-2.57918400894125,-8.2246229841425,14.32152066375,-3.3077655,-11.960075,12.629445,-1.8450835,-3.96660400000001,16.014715
49,49,sub-0333,52.6410590277778,31.8558562621952,1.04045021166191,0.456868651089043,0.791666666666667,-1.532263443675,-5.12236634925,12.8311530625,-2.1538215,-7.9417855,12.00587,-0.93648225,-2.7071455,13.64841
50,50,sub-0334,61.0274621212121,41.8035106565936,0.852598740917165,0.604995036213811,0.781818181818182,-1.50043591567288,-4.831322408325,13.64726555,-2.2329325,-8.0197855,12.63448,-0.540301,-1.422252,14.57081
51,51,sub-0335,61.4887152777778,41.8403105428592,0.887664898339426,0.581983449145249,0.791666666666667,-2.00220693723375,-6.4522321789,14.0764739,-2.6813145,-9.6391695,12.782105,-1.3220785,-3.417376,15.2257
52,52,sub-0336,59.4509548611111,38.7105614639375,0.886292667500189,0.493174133097342,0.675,-1.68465317096241,-5.058589158429,13.8088877225,-2.917934,-10.50471,10.317485,0.1287048,0.50824375,16.27371
53,53,sub-0341,59.7941468253968,28.5428129859628,0.5301883142885,0.541276510984766,0.780952380952381,-1.22806530275,-4.190464340625,13.461466925,-2.0054345,-7.3132605,12.81728,-0.53735435,-1.6761195,14.148865
54,54,sub-0342,68.640581232493,18.1524090131712,0.549952062182402,0.400858818180812,0.705882352941177,-2.422367333924,-7.65145741381075,14.26452768625,-3.1996185,-11.607785,11.348315,-0.406105450000003,-0.440574550000004,16.121165
55,55,sub-0343,35.828081232493,35.4094528024676,0.925011813446895,0.427556833991178,0.798319327731092,-1.4235999628625,-4.753174268,12.67917885,-2.152546,-7.753754,11.948875,-0.744907450000001,-2.2381975,13.39624
56,56,sub-0344,55.3330707282913,29.6638503674603,0.544189612611056,0.381680775914872,0.781512605042017,-1.16495915005775,-4.0029150306625,12.3424255,-1.9189215,-7.1024795,11.667265,-0.452123150000001,-1.475752,13.01442
57,57,sub-0345,54.1622899159664,43.9800706166911,1.21834962100841,0.571811602178825,0.798319327731092,-2.65693621447,-8.466911194125,12.6528659975,-3.3639445,-12.10863,10.81654,-2.0231325,-4.50129000000002,14.41318
58,58,sub-0346,63.4037990196078,28.7058953895821,0.76957126302809,0.539480028744695,0.781512605042017,-1.33842326599375,-4.55092205035,12.06252159875,-2.043193,-7.46275,11.39319,-0.6877549,-2.1599395,12.816435
59,59,sub-0348,83.8694852941176,21.5384912763406,0.674977100840691,0.618448609559186,0.789915966386555,-1.82571126325,-5.970952504125,10.97148204875,-2.64357,-9.2467235,9.9385525,-1.111203,-3.1597805,12.385405
60,60,sub-0351,88.6116946778712,20.5481422615851,1.24235907058474,0.651954774660481,0.663865546218487,-0.831732668430437,-2.07737796992225,13.27728898625,-2.718877,-9.1876055,10.042365,0.4184129,1.1069185,16.885425
61,61,sub-0352,64.8459383753501,15.4453722552473,0.644452820160277,0.273678121174365,0.823529411764706,-1.34545844494125,-4.503114778875,11.58721232125,-2.027005,-7.5391335,10.87494,-0.62167995,-1.929407,12.312645
62,62,sub-0353,55.0309806034483,28.3882232345141,0.507480743966379,0.32480163387847,0.793103448275862,-2.3590016547625,-7.57468010025,10.8283920075,-3.1984095,-11.356095,8.908909,-1.2628085,-3.233247,13.06956
63,63,sub-0355,76.0308159722222,34.3142254220427,0.877832450837984,0.534763651672305,0.783333333333333,-0.9291899732085,-3.3462610565875,14.0589725875,-1.7479875,-6.340907,13.495495,-0.22945385,-1.273983,14.617605
64,64,sub-0357,43.9626736111111,26.1562165366895,0.518139265836605,0.394134144652974,0.8,-1.30759756948556,-4.324193018125,13.2898159,-2.0048015,-7.483868,12.54969,-0.55292645,-1.5594205,13.98708
65,65,sub-0358,62.3654513888889,26.0136838306117,1.07195549083602,0.506118807188907,0.641666666666667,-0.0552793258845,0.489864108560237,13.066561935,-0.9614833,-1.5745915,10.9476,0.627571949999999,1.5101465,17.049025
66,66,sub-0359,51.3506355932203,30.7850236043921,0.843479866102748,0.5482721799111,0.796610169491525,-1.57203554333625,-5.177133382,13.762053125,-2.172008,-8.071137,12.85676,-0.97574765,-2.597034,14.60112
67,67,sub-0360,43.9622724089636,28.50319130616,0.645263288234666,0.332979768491637,0.773109243697479,-0.914121675930687,-3.34208443195,14.671043175,-1.647679,-6.152286,14.15539,-0.2667548,-1.2052725,15.174735
68,68,sub-0362,65.7652243589744,28.7603131925257,0.735020205131772,0.466875544970136,0.743589743589744,-1.36834239406125,-4.612873173125,14.5233946375,-2.05504,-7.580474,13.754465,-0.7037992,-2.133521,15.27704
69,69,sub-0363,70.8528645833333,23.3793669636781,0.69566760333449,0.490403778946709,0.816666666666667,-1.70781058373625,-5.471058980125,12.1801618325,-2.368134,-8.74515,11.06441,-0.907556450000001,-2.1275205,13.206715
70,70,sub-0364,86.7491319444444,25.7431061049891,0.750936840010884,0.432295092506887,0.816666666666667,-2.0522126438,-6.653354551375,11.3464200175,-2.8112335,-10.045525,10.20854,-1.399973,-3.816114,12.692035
71,71,sub-0366,64.453125,26.1441654068075,0.808871484169504,0.516395903301722,0.783333333333333,-1.4754883405875,-4.895446705875,12.5032507,-2.0926085,-7.8012885,11.702535,-0.83841805,-2.425575,13.319485
72,72,sub-0367,44.1254340277778,46.2834675182126,0.820340844996584,0.509069271415483,0.791666666666667,-2.86596764912875,-9.125111028535,12.79550017125,-3.6284995,-13.150725,10.32008,-1.16940350000001,-1.5889085,14.800725
73,73,sub-0368,62.1039040616246,31.059788653795,1.04203862268937,0.603957778510585,0.672268907563025,-0.4148564586325,-0.746022596203375,11.6180249125,-2.439354,-7.371505,10.02754,0.3736161,0.701403,14.66037
74,74,sub-0369,68.7673611111111,27.9934655476518,0.710775495823085,0.371027640384502,0.8,-1.029005383594,-3.5802506682625,13.558929375,-1.847352,-6.6855135,13.00057,-0.3032582,-1.206771,14.074915
75,75,sub-0371,65.1313405797101,36.0704646946867,0.657829976525239,0.521702690823588,0.782608695652174,-1.7658852505125,-5.804561241,11.51946054625,-2.6128185,-9.174795,10.537325,-0.969224700000001,-2.824491,12.759105
76,76,sub-0373,47.2159090909091,33.5386479266385,0.420217183632353,0.371971195497821,0.790909090909091,-1.13725607808375,-3.849090310875,12.9187044375,-1.891936,-6.860049,12.27608,-0.4074674,-1.4192355,13.59142
77,77,sub-0374,61.9944852941176,29.6860924567064,0.564320536966224,0.321849469641727,0.80672268907563,-1.780225071025,-5.834066156125,11.0846542625,-2.390469,-8.8153825,10.04397,-1.211377,-3.284928,12.15863
78,78,sub-0375,68.4895833333333,32.7286440712173,0.611605069153787,0.45498268688635,0.8,-1.8119521392375,-5.8857043325,11.1441966375,-2.5231195,-9.104757,10.089915,-1.096931,-2.639508,12.360705
79,79,sub-0376,78.3219537815126,37.2066959743254,0.856273775626788,0.38803278088585,0.705882352941177,-1.880731404674,-5.76792871529925,14.20369070125,-2.8438005,-10.202365,10.86907,-0.137605200000001,-0.137955450000001,16.15778
80,80,sub-0377,67.7477240896359,35.4426637190527,0.713121062189638,0.559757369984913,0.823529411764706,-1.25022205820375,-4.255710955625,12.01827423875,-1.990386,-7.2885895,11.38689,-0.530028,-1.7037735,12.64685
81,81,sub-0378,74.3337673611111,25.1183207348395,0.951329534998513,0.461972533666169,0.675,-0.31420590634386,-0.409516464365875,12.4022241975,-0.94890745,-1.151214,10.879835,0.25292185,0.3225197,13.54253
82,82,sub-0379,51.640625,14.5517082813804,0.59834922333442,0.427036797329879,0.791666666666667,-1.02536373509975,-3.7556269027675,13.1339048875,-1.9092265,-6.8609745,12.670675,-0.33025505,-1.5964505,13.68164
83,83,sub-0380,57.7821180555556,32.8256019987823,0.702646561673221,0.437373122315597,0.783333333333333,-1.5131962838925,-4.9852600386625,12.71354042,-2.3848195,-8.4611675,11.622845,-0.6775691,-1.8833595,13.88472
84,84,sub-0381,43.2052951388889,32.5154116937548,0.539631479178206,0.386243842714615,0.758333333333333,-1.58238054835088,-4.8841531585825,14.676450565,-2.707785,-9.544466,12.372075,-0.1021511,-0.3026251,16.09241
85,85,sub-0382,62.421875,15.6765055639915,0.571117533355331,0.32937041672922,0.8,-1.14414763141362,-3.9619804497375,12.556062055,-2.1024425,-7.5795975,11.79056,-0.31646525,-1.3206205,13.45975
86,86,sub-0383,59.4032118055556,29.0981172367835,0.815811995827244,0.556801097145594,0.675,-0.07752956401475,0.404173676943375,13.1632948975,-0.78946855,-0.1667795,10.96436,0.52782785,1.127071,15.002605
87,87,sub-0384,60.1692708333333,26.3537717295417,0.690533326667355,0.486651161242982,0.75,-1.23530155943688,-4.1104038893125,14.08892559375,-2.1945275,-7.8038375,13.068515,-0.316393250000001,-1.03086,15.00583
88,88,sub-0385,59.7526041666667,27.2375921737317,0.637297570000001,0.419207606059256,0.783333333333333,-1.3301855686875,-4.476169541625,15.077887975,-1.9683025,-7.1986945,14.28771,-0.717619100000001,-2.0099075,15.77165
89,89,sub-0387,47.3220486111111,30.6204646544012,0.870297005000126,0.49215013012928,0.733333333333333,-1.39855158292075,-4.6825375289175,13.218460445,-2.461751,-8.6473555,12.1653,-0.407571000000001,-1.402193,14.407315
90,90,sub-0388,40.4661016949153,31.3274916517815,0.560208449999926,0.377774501338038,0.779661016949153,-1.68210180211587,-5.3219271314875,14.26171453125,-2.442766,-8.9566135,12.53867,-0.4173013,-1.0365535,15.43004
91,91,sub-0389,45.4904513888889,27.8661092295429,0.728117831667623,0.67002006765439,0.783333333333333,-1.156647267275,-4.00325755104,11.9100547025,-2.045233,-7.3789385,11.06934,-0.278077850000001,-1.395153,13.004105
92,92,sub-0391,49.4118175287356,27.8720997893242,0.821170751724979,0.806239138505448,0.793103448275862,-1.55816019182625,-5.083557502325,13.1137375225,-2.3564545,-8.444787,11.869555,-0.706262650000001,-1.8477065,14.357805
93,93,sub-0392,30.9157986111111,36.4941298252102,0.564276373333026,0.323348277431134,0.775,-0.904757484140375,-3.2386241048625,14.58377785,-1.688694,-6.1051115,14.05018,-0.222708150000001,-1.0751875,15.07469
94,94,sub-0393,66.2413194444444,41.9688560313964,0.640620271667043,0.493469983161867,0.766666666666667,-1.1575791589625,-3.970452654375,13.9039436375,-2.091679,-7.462295,13.075995,-0.33631075,-1.2133705,14.705755
95,95,sub-0394,70.9331597222222,15.9431667178617,0.813640352499715,0.573537820771906,0.758333333333333,-1.20667445407925,-3.80880778054125,15.16770055,-1.9891215,-7.3423155,13.91229,-0.236771,-0.87058515,16.10413
96,96,sub-0395,52.1006944444444,30.3751371173917,1.01408927333299,0.630346431579812,0.783333333333333,-1.27433720594625,-4.329173482925,12.502319175,-2.2179055,-7.8821485,11.63241,-0.46040455,-1.506994,13.533815
97,97,sub-0396,73.9366319444444,38.7840917694084,0.647627120000349,0.426536975898833,0.8,-1.5644615410025,-5.1029107929,12.6471375725,-2.4608085,-8.7648875,11.51342,-0.63559975,-1.6872465,13.80613
191,191,sub-0397,65.4513888888889,38.7587003644726,1.00622659166887,0.515452694449087,0.783333333333333,-1.537276182925,-4.970445143,13.6454419875,-2.1780015,-8.000974,12.78345,-0.80480865,-2.1901735,14.53302
98,98,sub-0398,54.7005208333333,37.7560307274082,0.845210155003587,0.497212310442286,0.833333333333333,-1.72549186380375,-5.58786705556,11.95804693625,-2.6891745,-9.4290755,10.677265,-0.68231775,-1.66825,13.38021
99,99,sub-0399,97.3828125,15.6825522272542,0.865838514168475,0.410200086793358,0.791666666666667,-1.39216652739237,-4.4516607999875,15.2683504725,-2.2146535,-8.0269145,13.9053,-0.3656908,-0.87439225,16.130205
100,100,sub-0402,55.9678819444444,27.4074785197287,1.16767092000033,0.451007983301705,0.75,-1.05624092624025,-3.62872378486575,14.2146491525,-1.938015,-6.9676715,13.41469,-0.277643,-1.0044695,15.030245
101,101,sub-0404,61.5436422413793,37.3976476644984,0.45299133447858,0.451964892703598,0.775862068965517,-1.4254762305325,-4.802031300425,12.95040791375,-2.25532,-8.119815,11.979085,-0.633671800000001,-2.005128,14.0166
102,102,sub-0405,82.4001736111111,14.6174704609908,0.530153570832044,0.328318061240615,0.741666666666667,-1.02919993139,-3.5736950736125,14.4747541125,-1.7729615,-6.486946,13.920565,-0.356987250000001,-1.252782,15.10627
103,103,sub-0406,67.6649305555556,34.3482111399816,1.49600359500037,0.6558272469937,0.816666666666667,-1.50372171442,-4.9979538089625,11.93353757,-2.496872,-8.6710465,10.92149,-0.60824515,-1.819068,13.22006
104,104,sub-0409,59.21875,17.8002790162607,0.777321103329693,0.340247075547803,0.8,-1.6305203751275,-5.305116147875,12.64595428,-2.5985,-9.182781,11.284965,-0.562541100000001,-1.330001,13.98082
105,105,sub-0410,78.7673611111111,26.2465012609509,0.76510781833252,0.537616341893334,0.816666666666667,-2.1262161287125,-6.855788844,13.473411925,-2.85794,-10.32214,12.249595,-1.434975,-3.718092,14.6214
106,106,sub-0412,60.3129413841808,31.1424978262017,0.341521676268697,0.210253826512478,0.805084745762712,-1.738658801725,-5.554759182625,12.795781025,-2.4239775,-9.0534635,11.45091,-0.5788965,-1.5711295,13.965505
107,107,sub-0413,43.5373263888889,31.4454549823898,1.03873420333063,0.660575542281745,0.75,-1.1450630360906,-3.71123917752988,14.86143483375,-2.208975,-7.6799085,13.459865,-0.1448873,-0.40763795,15.87611
108,108,sub-0414,60.9309895833333,22.2848024582451,1.17140914000241,0.422871089258177,0.791666666666667,-1.5555629610075,-5.0750115415125,12.3263679425,-2.255036,-8.28417,11.457295,-0.85299365,-2.056217,13.210945
109,109,sub-0415,52.9210069444444,31.2271165798991,0.853396619996056,0.58642077701512,0.783333333333333,-1.2852249956745,-4.36962504715875,12.85558922375,-2.1921115,-7.802795,11.990185,-0.471482950000001,-1.623199,13.77049
110,110,sub-0416,81.4206932773109,30.518025160446,0.675155722692671,0.48661575173852,0.773109243697479,-1.29203657709891,-4.11179773734125,15.5238731375,-2.064784,-7.420709,14.307715,-0.4004548,-0.937055250000001,16.31311
111,111,sub-0417,75.9895833333333,29.1809214686603,0.91587425833568,0.599345342138307,0.766666666666667,-1.16247805785976,-3.39560851487663,14.04461886125,-2.8071425,-9.8166075,11.241255,0.1085891,0.0704318399999997,16.424915
112,112,sub-0420,48.7717013888889,47.2557287495863,0.451451614166338,0.230623386513674,0.808333333333333,-1.183491081593,-4.049747228625,13.6525107875,-1.882017,-7.024947,13.041215,-0.573099350000001,-1.75295,14.22233
113,113,sub-0424,49.6397569444444,32.251053529547,0.960062704161586,0.504880311289459,0.683333333333333,-0.484291737710175,-1.13233432358,12.93220095,-1.9846675,-6.357391,11.734,0.2485678,0.1675452,15.594355
114,114,sub-0426,52.6649305555556,31.1342161877361,0.75370232166703,0.523276316581042,0.791666666666667,-1.22693651153625,-4.19242979754375,14.490453075,-1.8857465,-6.996879,13.840265,-0.6486237,-1.8882785,15.077855
115,115,sub-0427,53.0243347338936,34.8314786329635,0.651455558823926,0.4308022110455,0.80672268907563,-1.672190247525,-5.19157051025,12.4690056,-2.626477,-9.4849935,11.42047,-0.527190750000001,-1.5047165,13.702155
116,116,sub-0428,44.7697829131653,30.8159105081297,0.687584804201634,0.474738846440192,0.789915966386555,-1.0330517208415,-3.62060731795,15.768877725,-1.73606,-6.48787,15.175755,-0.413911900000001,-1.426572,16.283405
117,117,sub-0429,56.4929096638655,17.7990304664633,0.632508792436499,0.419880190006515,0.781512605042017,-1.28148044285934,-4.307227688925,12.15332899875,-2.1674635,-7.767271,11.47637,-0.47026705,-1.4561545,13.05033
118,118,sub-0430,76.0546875,23.4213211062575,1.01388151333376,0.623803554005819,0.666666666666667,-0.4310261630575,-0.778422498294975,14.38749002875,-1.781911,-5.873324,11.889585,0.40850535,0.9129939,16.905825
119,119,sub-0431,86.3433159722222,27.9115691613867,0.657905552501082,0.377924790777306,0.791666666666667,-1.3742875866625,-4.60690993475,13.0225984875,-2.016242,-7.4686335,12.269085,-0.74360905,-2.1093945,13.73994
120,120,sub-0432,61.3823784722222,30.2948463986751,0.678081380000125,0.342030647312245,0.808333333333333,-0.9192150350225,-3.15814383475,14.275236125,-1.856447,-6.5734905,13.7309,-0.195027800000001,-1.146829,14.839925
121,121,sub-0433,46.07421875,27.920865143054,0.732716746666847,0.396524822097659,0.791666666666667,-1.38410040583225,-4.60879632719275,12.1854271275,-2.06242,-7.627331,11.414295,-0.722623600000001,-1.8877985,12.93578
122,122,sub-0434,58.2207803672316,30.6631801614736,0.792029353389684,0.356680846924901,0.644067796610169,-0.276491477932125,-0.585118077121987,14.5555232875,-1.527868,-4.789989,13.42345,0.38386355,0.76897975,16.45431
123,123,sub-0435,64.4053819444444,16.2545326481753,0.943104325832974,0.507768871719783,0.666666666666667,-0.1652532118767,0.031758718486125,13.26473159125,-0.97943775,-0.60722045,11.83329,0.472203849999999,0.92733645,14.631485
124,124,sub-0436,73.984375,24.9019554533791,1.08590072416725,0.462624854893051,0.666666666666667,-0.232639323009625,-0.177858145570125,14.476984175,-1.377072,-4.3664625,11.488475,0.4956721,1.1462115,17.366915
125,125,sub-0439,72.0551215277778,29.4722936676836,0.592377615000684,0.281942760387812,0.791666666666667,-1.5397476243375,-5.096557366,12.9029925125,-2.166344,-7.946313,12.1022,-0.9458471,-2.619946,13.685145
126,126,sub-0440,59.5620265151515,25.7137741345317,0.418596177273536,0.27948148191345,0.618181818181818,-0.271534862833837,-0.427141856696725,14.00675953125,-1.517574,-4.7532165,12.85576,0.448873499999999,0.9918335,16.4096
127,127,sub-0442,58.0072654061625,33.4583454412913,0.485366681059226,0.251051187342519,0.80672268907563,-1.4031230923425,-4.6848209985,11.4824153875,-2.136267,-7.7862695,10.683585,-0.664459650000001,-1.7229685,12.265315
128,128,sub-0443,72.6779513888889,22.7705391154121,0.748682646665596,0.482310211389297,0.741666666666667,-1.36577794941237,-4.19828401364475,14.6970726325,-2.4364515,-8.6366695,11.796105,-0.026347015,-0.18153415,16.375675
129,129,sub-0445,60.3580729166667,39.5421569626098,0.639289745832017,0.431820561401121,0.808333333333333,-1.0297416754475,-3.7164627665,13.140035075,-1.7263455,-6.4484075,12.6357,-0.42365535,-1.674413,13.6488
130,130,sub-0446,51.9010416666667,35.1386591663909,0.652541078333646,0.433563294046742,0.7,-0.878000256620788,-3.113086709865,15.44612659125,-1.8541265,-6.5171545,14.876025,-0.12797985,-0.734782150000003,16.1743
131,131,sub-0447,44.1948784722222,35.2096041840238,0.961115794998477,0.616462209394752,0.791666666666667,-1.4560390573875,-4.8165806915,13.420983725,-2.081283,-7.6984325,12.603685,-0.8551862,-2.216862,14.16631
132,132,sub-0450,60.2445268361582,33.4855081420983,0.992656269623263,0.604300045377472,0.771186440677966,-1.308230184205,-4.4584724079625,12.4727855375,-2.128282,-7.6334005,11.8038,-0.56873195,-1.8797605,13.258235
133,133,sub-0452,51.9618055555556,28.2879052901855,0.752399630833194,0.408665982207944,0.75,-0.913414141321875,-3.16141169034187,14.6475861,-1.7211645,-6.3592235,14.00029,-0.1864537,-0.75455345,15.27931
134,134,sub-0453,64.703693977591,20.6094183217495,0.756994300838873,0.319168899873031,0.781512605042017,-1.24531343516625,-4.21690735425,15.01659675,-1.8632225,-7.0291995,14.3132,-0.61426195,-1.8096565,15.669735
135,135,sub-0455,58.6827256944444,24.4604301654341,0.66336694083778,0.333876264286052,0.791666666666667,-1.16141561054875,-3.867552352675,14.0508406675,-1.9446445,-7.0181615,13.342055,-0.3912223,-1.2357095,14.6976
136,136,sub-0460,59.0234375,30.5367596916235,0.718703629164762,0.560259982105917,0.633333333333333,-0.0568085721244125,0.4889498146293,13.14613538625,-1.0141685,-2.546281,10.606845,0.65839095,1.8250325,17.331295
137,137,sub-0461,60.1759453781513,36.3471740334195,0.582560242017723,0.31049590748732,0.764705882352941,-1.05183100025,-3.6889035594875,12.7229659375,-1.9752875,-7.098082,12.1249,-0.305418850000001,-1.180877,13.501315
138,138,sub-0462,51.5274859943978,50.0046311512239,0.413105953784127,0.199152975994755,0.689075630252101,-0.111505344626625,0.26686366111625,12.97347739875,-0.8526486,-0.279665,11.031895,0.503158049999999,0.95841265,14.524575
139,139,sub-0463,58.7359943977591,33.7047125456452,0.596334531096186,0.437779609250549,0.789915966386555,-1.5262513775425,-5.05333572225,11.56895730375,-2.216739,-8.0039415,10.741285,-0.83348415,-2.374796,12.491505
140,140,sub-0464,55.33203125,28.7409684110761,0.579153050004,0.380810978032806,0.616666666666667,0.072830056296425,0.95470522834125,13.47364297125,-0.70718895,0.1604991,10.911965,0.7461409,1.941879,16.602255
141,141,sub-0466,33.9952256944444,43.6716028006654,0.873134468338685,0.545779837906449,0.733333333333333,-1.17387795105,-3.990447533625,14.16921205,-1.9695865,-7.1390915,13.461235,-0.41709465,-1.3761625,14.93152
142,142,sub-0467,55.1475694444444,10.908425436408,0.519485862497822,0.232271651040443,0.8,-1.631999056375,-5.36634347375,13.10636135,-2.307422,-8.3858645,12.23744,-1.007222,-2.736345,13.905505
143,143,sub-0469,47.6171875,23.5115604019011,0.85038496084065,0.592879250599821,0.75,-1.2758087385625,-3.91014254174875,14.8239719375,-2.224304,-8.015042,13.459285,-0.1972857,-0.755535750000001,15.91656
144,144,sub-0470,83.7284482758621,34.3209267204844,0.472352634482766,0.271997205549741,0.78448275862069,-2.08500982515,-6.7390417076475,13.56319278,-2.704209,-9.9345235,12.258105,-1.4580805,-3.8467095,14.81812
145,145,sub-0472,66.5950520833333,27.7072399982036,0.681323250830367,0.568352486434161,0.783333333333333,-1.1642028411,-4.05357624975,13.9506392125,-1.8566695,-6.869802,13.377275,-0.54178375,-1.8949305,14.521505
146,146,sub-0474,53.2234768907563,42.6436780162559,0.512673705882547,0.373148253702992,0.80672268907563,-1.58905955457625,-4.952186171875,14.15681671625,-2.4457585,-8.9008975,12.95158,-0.441219,-1.168138,15.180505
147,147,sub-0475,42.8450520833333,24.180422220836,0.88333905832842,0.611647442869435,0.8,-1.08992320509,-3.860023052375,12.15834725375,-1.760473,-6.5788625,11.602775,-0.46979925,-1.7413265,12.71254
148,148,sub-0476,58.1966145833333,41.2558247911076,0.65786366916703,0.333159439126316,0.808333333333333,-1.5512770254125,-4.87814019,13.163164225,-2.3459885,-8.690329,12.15062,-0.553763350000001,-1.4790595,14.142405
149,149,sub-0478,61.5516493055556,31.2201289131451,0.695554229166131,0.51523264884165,0.8,-1.38185501625,-4.58731244975,14.52339285,-2.050108,-7.4715015,13.81007,-0.7514869,-2.04582,15.180935
150,150,sub-0479,58.0750868055556,23.993191055247,0.704514125835461,0.3331453976228,0.808333333333333,-1.1820120629625,-4.164064473375,11.42630328875,-1.9110865,-7.001681,10.860395,-0.5531602,-1.976944,12.05292
151,151,sub-0480,78.9390756302521,21.5850104274583,0.677439547896174,0.307167135751603,0.789915966386555,-1.05498914265625,-3.4893424591375,14.212796225,-1.872161,-6.819429,13.563985,-0.28646505,-1.195947,14.85841
152,152,sub-0481,47.3394097222222,25.0714346402901,0.695445214157614,0.379761730902687,0.808333333333333,-1.112659617192,-3.97697554575,13.632721175,-1.7751425,-6.588526,13.0774,-0.5558026,-1.9538015,14.153035
153,153,sub-0483,77.5846354166667,33.0867274716787,0.894800589994217,0.527067586121612,0.8,-1.44787165757388,-4.8629990020875,11.87171508875,-2.0211945,-7.631359,11.096955,-0.90176665,-2.5030245,12.656405
154,154,sub-0485,54.9427083333333,24.250336919462,0.568586529982276,0.526221386335815,0.76,-1.48504763072125,-4.940760119,11.79758553875,-2.2869315,-8.2130335,10.894975,-0.696540450000001,-2.1316745,12.89763
155,155,sub-0486,58.4730113636364,27.518332315956,0.424215081821471,0.254682804408544,0.8,-1.76117918335638,-5.649237539125,13.66810050875,-2.5665585,-9.4425495,11.745395,-0.410564850000001,-1.2000615,15.043515
156,156,sub-0487,47.3476890756302,29.1646954726223,0.700928798305387,0.465267799206901,0.80672268907563,-1.3150411548975,-4.482976982875,11.50367214875,-2.1170115,-7.4726535,10.86888,-0.63387435,-2.0082255,12.22754
157,157,sub-0489,66.258386299435,28.1412863463947,0.687582805082873,0.658131622419275,0.694915254237288,-0.228494272335625,-0.144554859269788,13.60754597,-1.361996,-4.0610905,11.220045,0.454628249999999,0.8756954,17.099935
158,158,sub-0490,45.9230567226891,36.6733381862432,0.82771598151298,0.509122493699956,0.80672268907563,-2.3929482065,-7.71516036875,12.3224301825,-3.0217615,-11.02295,10.854725,-1.7792715,-4.7731225,13.799125
159,159,sub-0491,66.26953125,14.2918263956418,1.54245328750306,0.711365668636621,0.791666666666667,-1.283061469625,-4.434803818875,12.2631689875,-1.9275785,-7.210767,11.638265,-0.711747200000001,-2.28808,12.93451
160,160,sub-0492,45.1024159663866,28.4480378593957,0.730816714269962,0.458097385333466,0.815126050420168,-1.9426404175,-6.34723952,11.67841602875,-2.7015425,-9.5095515,10.62954,-1.274113,-3.683824,12.84763
161,161,sub-0494,51.2326388888889,34.238365033936,0.728897978336318,0.576040969023458,0.8,-1.737232952125,-5.7383435835,11.49538477,-2.3470205,-8.59366,10.503525,-1.149018,-3.265303,12.50804
162,162,sub-0495,65.0694444444444,37.296704072448,0.611058797498602,0.328099725212493,0.8,-1.1341466973425,-4.0007503473,13.37615905,-1.7640745,-6.696196,12.78049,-0.5493585,-1.796007,13.936625
163,163,sub-0496,82.3004943502825,28.4724651343061,0.866898441535294,0.470794597312745,0.796610169491525,-1.23680101043808,-4.204115104125,13.9869116,-1.893665,-6.9207395,13.341735,-0.6210557,-1.857073,14.633705
164,164,sub-0497,82.94921875,21.4233078058746,0.826801665008922,0.445067020987724,0.841666666666667,-2.2126702385875,-7.16354097925,11.3413737125,-3.1535525,-11.036585,10.10029,-1.335398,-3.829729,12.8289
165,165,sub-0498,51.1379551820728,28.0398815606115,0.699474418487495,0.474668894721689,0.65546218487395,-0.533191672483,-1.33642245333912,14.76519545375,-1.773774,-6.123302,11.021145,0.43760685,1.151384,17.284035
166,166,sub-0499,81.7117471988796,31.6171791215665,0.58963332101194,0.298573439093994,0.756302521008403,-1.35054235303625,-4.53125687775,11.88971535375,-2.045199,-7.4987025,11.085045,-0.72305495,-1.990885,12.82142
167,167,sub-0500,54.6614583333333,33.2015549108369,0.690841466666682,0.390199159004401,0.791666666666667,-1.4240201328325,-4.775021929375,12.7583141375,-2.0383545,-7.4629655,11.9706,-0.8447228,-2.341095,13.508105
168,168,sub-0501,70.7958156779661,28.1377392187893,0.798807126282462,0.612130348960461,0.788135593220339,-1.4079276731875,-4.4968144622625,14.3328482625,-2.1537425,-7.8817515,13.246105,-0.432734350000002,-1.122403,15.1727
169,169,sub-0504,49.5768229166667,31.2690342085076,0.896528081667323,0.593518130779636,0.783333333333333,-1.46412016326788,-4.8019157871125,14.7043877625,-2.1775925,-7.828347,13.80608,-0.7542433,-1.970919,15.458515
170,170,sub-0505,79.8428746498599,20.5185187176805,0.54384508991747,0.37193806220026,0.823529411764706,-2.209613650625,-7.1313554465,11.5326906425,-2.895623,-10.352415,10.276295,-1.5578725,-4.2790275,12.92256
171,171,sub-0507,58.2545518207283,28.6937547493311,0.572700378152409,0.326033749793436,0.789915966386555,-1.00708515400625,-3.6794025647625,13.726614725,-1.681199,-6.3741285,13.230265,-0.40310995,-1.6189525,14.225915
172,172,sub-0510,78.0078125,28.2488941145025,0.576117414165977,0.435092932189051,0.741666666666667,-0.971505372276375,-3.13628389540625,15.8973477625,-1.7807595,-6.447395,15.042855,-0.18754825,-0.802190850000001,16.594215
173,173,sub-0511,69.0256076388889,18.2577586842822,0.643653411660732,0.42347138325579,0.825,-2.006154503925,-6.466194702125,11.58286692375,-2.6959565,-9.796824,10.39397,-1.312498,-3.1400125,12.817375
174,174,sub-0512,44.7612847222222,29.8444214634052,0.476110579999659,0.387014607763937,0.658333333333333,-0.14601578305235,0.302660178314564,12.15701536625,-0.9236888,-0.4145391,10.43289,0.5063402,1.242135,14.08294
175,175,sub-0513,43.3836511299435,30.6733249166042,0.671750188984719,0.507599929517108,0.822033898305085,-1.09808826512587,-3.6983428012,10.44435316875,-2.2582145,-8.0478325,9.718351,-0.20155675,-1.2723635,11.60173
176,176,sub-0514,59.2676352339181,32.8390067155223,0.718007885969424,0.518816926839357,0.666666666666667,-0.691762037632375,-1.89568327983471,15.50889923375,-1.6999575,-6.056476,13.91216,0.2058345,0.409033349999999,17.03754
177,177,sub-0515,50.4936594202899,23.1021784572887,0.573183132173701,0.399507687404887,0.773913043478261,-1.03714878989213,-3.750976485,12.466851325,-1.9080985,-6.9037475,11.955385,-0.327033050000001,-1.5273125,13.155265
178,178,sub-0517,42.7105217086835,20.2555635769061,0.748793415126524,0.440588601429966,0.630252100840336,0.033560369411125,0.8068422188845,13.4021895525,-0.7377112,0.1116165,11.018785,0.68762645,1.717341,15.805775
179,179,sub-0519,70.6488715277778,18.6922655321756,0.643691947497427,0.381466275516048,0.783333333333333,-1.380064732475,-4.568389835875,14.224147425,-2.029162,-7.387859,13.446895,-0.7400817,-1.9793955,14.923365
180,180,sub-0520,62.8464865819209,29.0629845443314,0.935255436451664,0.595778454540729,0.779661016949153,-0.959209230339125,-3.160936788225,15.930385925,-1.7481515,-6.361125,15.18157,-0.2400129,-0.90769705,16.51901
181,181,sub-0521,72.2404586834734,32.7137812916468,0.562912157983245,0.428752685289479,0.714285714285714,-1.70510679052493,-5.25340344772014,14.1330972775,-2.631038,-9.49185,10.6415,-0.116194150000001,-0.3256612,16.057405
182,182,sub-0522,20.5729166666667,20.0915063872746,0.854540529994605,0.522924252912009,0.791666666666667,-0.9889085893925,-3.53699987207625,14.22718312,-1.7893345,-6.49438,13.725285,-0.2897464,-1.4240655,14.718205
183,183,sub-0524,54.8177083333333,30.3223287991488,0.716531155826912,0.473447603382422,0.775,-1.29461222524875,-4.41551718385,13.7983769625,-1.9964635,-7.1425745,13.132785,-0.6759254,-2.1918295,14.43433
184,184,sub-0526,64.35546875,27.9387883069273,0.923425498333139,0.543300236233325,0.766666666666667,-1.66955948616,-5.464446004,13.36212361,-2.363767,-8.506372,12.372735,-0.9308668,-2.5802005,14.37733
185,185,sub-0527,60.0065104166667,28.7631023400453,0.827355873332635,0.448481000672859,0.625,-0.38853879776025,-2.21785795053,13.785689975,-1.108007,-4.49403,13.348395,0.2276241,-0.5605526,14.51236
186,186,sub-0528,55.2430555555556,33.6576514205755,1.0289486974924,0.542283923469339,0.8,-1.50334481181,-4.9606490620375,12.937765675,-2.13878,-7.94633,11.910275,-0.648326850000001,-1.745683,13.80593
187,187,sub-0531,62.6925770308123,24.6063321144941,0.623340919326224,0.454032809599894,0.789915966386555,-1.00255390139375,-3.633303704075,14.0559839125,-1.7177295,-6.3802525,13.55048,-0.38724905,-1.592889,14.55772
188,188,sub-0533,72.9188924501425,22.8074614750277,0.764875235905648,0.576210952198385,0.811965811965812,-0.99784569485375,-3.6316393133,12.3585821875,-1.803362,-6.509812,11.870595,-0.33298875,-1.5333425,12.88531
189,189,sub-0534,39.9990443425076,26.215999213663,0.634900516516117,0.503773610661888,0.779816513761468,-1.6380450938575,-5.302332637075,13.29336911,-2.4044225,-8.627729,12.26528,-0.715222950000001,-1.8295415,14.265815
190,190,sub-0535,51.2847222222222,32.8845111598885,0.844661839999026,0.571904731440547,0.8,-0.88230150449,-2.9995816499625,14.8022888875,-1.77028,-6.40464,14.22554,-0.18506025,-1.1259985,15.347215
192,192,sub-0537,74.9220975783476,35.3511265670104,1.07585220769074,0.583066617944127,0.675213675213675,-0.4733574343159,-1.19933978202513,15.58582808875,-1.542982,-5.3351745,12.609565,0.34017555,0.75126115,17.233045
193,193,sub-0538,64.1579861111111,33.901922612183,0.83963232167492,0.361162396221149,0.8,-1.319879965575,-4.47096573125,12.1024438125,-1.9815255,-7.272118,11.44715,-0.70473405,-2.0636265,12.79141
194,194,sub-0539,81.136485042735,29.9214608715519,0.563341436750439,0.370521293865855,0.786324786324786,-1.05346481508481,-3.871160698875,11.885142425,-1.7221615,-6.486114,11.3817,-0.483693500000001,-1.9123025,12.454125
195,195,sub-0540,49.0473090277778,27.6237827313392,0.850166400000065,0.391232162669821,0.825,-1.4270141465125,-4.8994046831625,11.19719901125,-2.478093,-8.5518955,10.547395,-0.6122375,-2.271166,12.100265
196,196,sub-0542,61.0677083333333,27.836969533547,0.823645755012209,0.49169850744619,0.8,-1.37031730469413,-4.484818999375,13.0319852125,-2.122893,-7.6807935,12.187135,-0.49989415,-1.4010635,13.80132
197,197,sub-0543,36.1089409722222,24.7523876784916,0.648903828319938,0.403222565002119,0.766666666666667,-1.31198871449325,-4.2821056999175,12.77612498125,-2.3338895,-8.2499785,11.96829,-0.3073566,-0.953324150000003,13.841135
198,198,sub-0544,59.2659366096866,24.0825399121772,0.638082125642074,0.403512361117189,0.777777777777778,-1.58375512123,-5.0778712494125,12.770183175,-2.299441,-8.453915,11.668835,-0.7087258,-1.7296225,13.82162
199,199,sub-0546,50.8550347222222,31.741638891217,0.859072836624303,0.482718207939966,0.8,-1.66056142725,-5.475243969125,12.03333173625,-2.3763065,-8.5632945,11.18514,-1.0248945,-2.912693,12.96322
200,200,sub-0547,45.7508680555556,26.2801358941263,0.549277075837017,0.278669971480904,0.783333333333333,-1.170875708,-4.120503339875,13.7567933125,-1.7785815,-6.628195,13.1641,-0.63570085,-2.0921775,14.334615
201,201,sub-0548,81.2095905172414,14.0980831448979,0.644154154312203,0.448215371983031,0.827586206896552,-1.11238129843126,-3.802618834375,11.25353159625,-1.961277,-7.1186705,10.620745,-0.3093174,-1.401535,11.97731
202,202,sub-0549,62.3046875,34.8976664578198,0.789154920808505,0.457982183949965,0.791666666666667,-0.800188687966375,-3.1155361095875,12.58859895,-1.5665035,-5.9763925,12.133695,-0.1451336,-1.1585315,13.05652
203,203,sub-0550,38.6551816239316,19.7658144348959,0.461681453844445,0.304824036640203,0.846153846153846,-2.588098665125,-8.329311415,10.54439267625,-3.520242,-12.182855,8.737828,-1.821782,-5.103883,12.915305
204,204,sub-0551,63.6935763888889,38.698755534792,0.961496887511263,0.415978776507699,0.783333333333333,-1.18376260345125,-4.128808136125,12.0428198875,-2.082926,-7.4130455,11.467895,-0.456278300000001,-1.6537585,12.84311
205,205,sub-0553,75.9895833333333,26.8505460789965,0.648469740001019,0.460188415557921,0.783333333333333,-1.09362009035875,-3.8582092285,12.669333125,-1.81528,-6.750306,12.121845,-0.4713481,-1.5401265,13.270645
206,206,sub-0554,45.9136284722222,49.8870776455317,1.01236403584092,0.461031932929635,0.791666666666667,-1.2763485176475,-4.3370999965,13.1726041,-1.9082345,-7.1364975,12.4721,-0.65020005,-1.9263455,13.83671
207,207,sub-0555,67.2575280112045,30.260297725912,0.592893435289113,0.356125746430034,0.789915966386555,-1.27613744645812,-4.161992008225,13.8041331625,-2.009418,-7.4385095,12.985455,-0.5034692,-1.594562,14.600005
208,208,sub-0556,58.3658854166667,37.7927916862696,0.985293215846953,0.476713288347258,0.808333333333333,-1.654917525575,-5.47595512125,12.40729724,-2.386811,-8.529651,11.543195,-0.98170475,-2.8426455,13.28583
209,209,sub-0557,91.9116348870056,18.004739147673,0.578784275424106,0.448504989361278,0.805084745762712,-1.84202108582425,-5.819050132625,11.593810655,-2.6601665,-9.7157265,10.38318,-0.73403615,-1.9913075,13.009805
210,210,sub-0558,54.0814836448598,35.6582451474201,0.784670834568825,0.676834950416983,0.766355140186916,-1.034489260972,-3.65739192780375,13.0626685375,-1.7958775,-6.5657375,12.504355,-0.39809475,-1.447494,13.71442
211,211,sub-0559,66.7848389355742,33.9529054294347,0.64087166996798,0.50025173978526,0.815126050420168,-1.96442814345,-6.3736564195,11.61414889125,-2.7596595,-9.8391795,10.55159,-1.233272,-3.4804275,12.86713
212,212,sub-0560,82.6475694444444,26.2457630096924,0.640689387500121,0.44462575337453,0.791666666666667,-0.866010452914375,-3.2594130775375,13.379556925,-1.6600375,-6.1746375,12.9249,-0.216727050000001,-1.2876335,13.859935
213,213,sub-0561,59.7243923611111,29.5746898341154,0.731666424166178,0.432205653608618,0.8,-1.56149339245,-5.20014286825,11.8883522125,-2.212104,-8.1261155,11.087765,-0.9448711,-2.7582045,12.70903
214,214,sub-0562,34.0451388888889,24.4259763667182,0.613377230833673,0.305584911403188,0.641666666666667,-0.23032238850335,-0.15609006664625,13.13358429875,-1.4455015,-2.0500525,11.976895,0.457624649999999,1.0112545,15.43734
215,215,sub-0563,60.5338541666667,28.5012115551431,0.631412745833465,0.537234304986506,0.725,-0.721582748500375,-2.925413174675,15.371184425,-1.443109,-5.438078,14.969775,-0.1154045,-1.1224775,15.8736
216,216,sub-0564,49.1666666666667,18.9962349014857,0.667230416683015,0.424767694466259,0.791666666666667,-1.38756270075,-4.632163639375,12.30620055,-2.052475,-7.5559355,11.55508,-0.736253100000001,-2.1856165,13.05811
217,217,sub-0566,62.18706232493,29.0498319618898,0.662025795796076,0.447683338767351,0.798319327731092,-1.03338939203125,-3.68965896525,13.2930273875,-1.6480885,-6.353743,12.69784,-0.410940150000001,-1.539962,13.842905
218,218,sub-0571,67.3697916666667,29.5767343374294,0.489225791668287,0.243248893376475,0.783333333333333,-1.38601752301962,-4.4840211484625,13.8955101,-2.321021,-8.2625235,13.032705,-0.4985906,-1.484734,14.6918
219,219,sub-0576,45.6011284722222,30.5569857631848,0.546118038332012,0.382477955596822,0.775,-1.34758682190875,-4.581014897875,12.289818825,-1.9409605,-7.2658105,11.5803,-0.77969855,-2.3562375,13.032415
220,220,sub-0577,63.4949252136752,25.3913644570847,0.435779252994018,0.306072797140252,0.743589743589744,-1.11475682987775,-3.8886305985875,13.41905195,-1.7288025,-6.5675385,12.758185,-0.52068815,-1.615595,14.111215
221,221,sub-0578,55.83984375,30.6337623430554,0.559087482002602,0.265644731943783,0.791666666666667,-1.0191115038325,-3.6018947276375,14.5171462875,-1.6691005,-6.2819745,13.902595,-0.38172395,-1.3121925,15.030815
222,222,sub-0579,41.7469618055556,37.2756862050774,0.637206880828793,0.403022885811717,0.825,-1.509785642825,-5.033208705375,11.139393155,-2.2248325,-7.966704,10.407265,-0.894292400000001,-2.5151975,11.94536
223,223,sub-0581,66.2608506944444,25.5115599897229,0.69171304582754,0.470381250336001,0.808333333333333,-0.94909647513625,-3.393848690875,14.03850195,-1.6216955,-6.170744,13.464365,-0.28196875,-1.3641375,14.576155
224,224,sub-0582,65.3450520833333,12.7537454022804,0.65637682916907,0.537527799712445,0.825,-1.421028232875,-4.8050373385,11.1817382875,-2.271454,-8.1719585,10.493625,-0.7138084,-2.257764,11.96491
225,225,sub-0583,58.3224826388889,18.6300885942915,0.902600163336804,0.385482332664554,0.808333333333333,-1.04633182219625,-3.753844981925,12.48518125,-1.8479695,-6.8437295,11.97008,-0.357808750000001,-1.4616415,13.060505
226,226,sub-0584,78.6881232193732,21.9793815142863,0.360053605978123,0.239064537279974,0.794871794871795,-1.12460140058125,-4.006159594125,11.18440546375,-1.7722935,-6.712262,10.620095,-0.515143750000001,-1.905206,11.82894
227,227,sub-0585,65.7133152173913,21.3124192701814,0.54067855304431,0.3466124241693,0.782608695652174,-1.0349982253775,-3.817119180625,14.1157445375,-1.7354105,-6.4261645,13.62458,-0.4211259,-1.8621735,14.645315
228,228,sub-0586,60.8637152777778,33.2473660730493,0.70169209666783,0.409311423418043,0.791666666666667,-1.3338360262375,-4.462060059,13.272764875,-2.067621,-7.4879205,12.632565,-0.691945400000001,-1.9417125,13.945925
229,229,sub-0588,65.9787326388889,24.4591091092567,0.632202050004465,0.456859953461534,0.8,-1.304834196875,-4.35321893,13.2070230325,-2.047655,-7.417041,12.54846,-0.61619625,-1.7092795,13.853935
230,230,sub-0590,78.9894082633053,22.3609556293318,0.721450775629888,0.396599300426525,0.80672268907563,-1.354512428675,-4.215140776875,14.1567490625,-2.172971,-7.918988,13.169485,-0.47597205,-1.374048,15.0381
231,231,sub-0592,43.9670138888889,27.7574298321097,0.705190676667068,0.275894351922449,0.808333333333333,-1.62389009195,-5.337435858875,12.2681670275,-2.2677795,-8.323967,11.383685,-0.969784350000001,-2.61389,13.15801
232,232,sub-0593,58.7565104166667,26.5911921800867,0.537588739994681,0.303713294088127,0.825,-1.702560566625,-5.55981154625,11.27204448,-2.455381,-8.80147,10.396585,-0.984902250000001,-2.720471,12.251645
233,233,sub-0594,43.4339387464387,27.3504590552315,0.445616097432267,0.295982617405909,0.811965811965812,-1.4314782648325,-4.73988365525,12.9041726125,-2.1396055,-7.8626275,12.150485,-0.69302825,-1.871445,13.663545
234,234,sub-0596,60.5983018207283,24.6533294800634,0.748717331092543,0.466938094787155,0.80672268907563,-0.940714072623125,-3.528772252625,11.561861045,-1.729623,-6.389468,11.096885,-0.260615200000001,-1.451787,12.052005
235,235,sub-0597,24.6866172316384,28.5472549344071,0.835290983052908,0.593489435604107,0.813559322033898,-1.40751945667625,-4.6621262235,12.8278900075,-2.1879085,-7.9151165,12.107525,-0.664621550000002,-1.860448,13.5408
236,236,sub-0598,65.2012310606061,23.3113817912225,0.432178930000307,0.406737056921667,0.781818181818182,-0.93966472908625,-3.45731430160125,14.3776389875,-1.7425145,-6.375691,13.878085,-0.27398895,-1.3822985,14.89573
237,237,sub-0599,53.4006076388889,32.8432148575874,0.703462229166568,0.440216686603515,0.775,-1.6306332495,-5.355078186125,13.1693991125,-2.262111,-8.3077985,12.26709,-0.94134755,-2.621031,14.083515
238,238,sub-0600,51.754981884058,31.1623307093674,0.805954206087272,0.547969471760453,0.826086956521739,-1.215185969342,-3.974951839625,13.5500252375,-2.038093,-7.429091,12.75558,-0.3705207,-1.286725,14.249725
239,239,sub-0601,53.3203125,26.3927170813506,0.679589331893708,0.500246421592157,0.793103448275862,-1.17426892695625,-3.981285880875,13.60070065,-1.8378025,-6.8574745,12.94889,-0.5356005,-1.612203,14.231315
240,240,sub-0602,45.3602430555556,40.6261079668126,0.641572175000814,0.482927250384498,0.783333333333333,-1.4252465904125,-4.77219361875,13.152614325,-2.045097,-7.4835495,12.41322,-0.845542200000001,-2.4529745,13.885
241,241,sub-0604,65.0888480392157,30.5878474109545,0.631552522689957,0.479657199632711,0.764705882352941,-1.03424956482275,-3.763694996675,13.3973679,-1.871934,-6.7098045,12.8119,-0.37541725,-1.602058,13.983405
242,242,sub-0605,77.7235243055556,25.7525728731088,0.705251479164387,0.418643027296981,0.808333333333333,-1.01366697656375,-3.446344613375,14.5908801125,-1.8148565,-6.6635015,13.95758,-0.23732735,-1.186941,15.172855
243,243,sub-0606,75.1453993055556,35.8775836486895,0.677256348332594,0.481424228939519,0.8,-0.907615523530125,-2.9935239953875,15.1816133,-1.959526,-6.909515,14.595595,-0.1482586,-1.0131325,15.780305
244,244,sub-0607,76.6163793103448,26.9322473104542,0.636857549146075,0.447093319357402,0.810344827586207,-1.66369018345,-5.449523488125,10.6180746725,-2.3636045,-8.705844,9.570272,-0.82762305,-2.17906,11.792435
245,245,sub-0609,62.40234375,24.4197771381389,0.817740294169441,0.447211899392219,0.791666666666667,-1.37588376687326,-4.595298611,13.824739025,-2.1461285,-7.768423,13.0728,-0.64460815,-1.919966,14.52903
246,246,sub-0610,62.6434498587571,30.461103330743,0.524377541526288,0.216901191240004,0.805084745762712,-0.9951677746325,-3.546803102,13.295717525,-1.742806,-6.504761,12.76788,-0.31304625,-1.329069,13.807905
247,247,sub-0611,68.3010057471264,18.4590699882504,1.17888801033982,0.619403985342888,0.801724137931034,-1.26900516139925,-4.246743753,13.435584175,-1.9799545,-7.2167445,12.74678,-0.588688000000001,-1.7873735,14.091405
248,248,sub-0612,57.0490562678063,23.546743293055,0.71491762051114,0.425897034461742,0.803418803418803,-1.5113210232375,-4.98933246075,13.002705675,-2.2827115,-8.160835,12.187995,-0.799034300000001,-2.2000705,13.769355
249,249,sub-0613,31.265318627451,30.7260673597292,0.973974723527364,0.658893729761824,0.815126050420168,-1.675003168155,-5.497719896,12.9563221875,-2.317925,-8.5358315,11.951265,-1.0543005,-2.840953,13.8216
250,250,sub-0614,82.6082076149425,26.3056324292092,0.936493612931246,0.59388490444602,0.810344827586207,-1.19237136130625,-3.998274995875,12.7827776375,-1.886091,-6.964233,12.01283,-0.443074450000001,-1.4553455,13.46491
251,251,sub-0615,70.735105994152,31.5793810476965,1.33319723859875,0.745428475458669,0.798245614035088,-1.10512104533137,-3.684019342775,14.670438575,-1.862051,-6.8252785,13.976375,-0.3784431,-1.32091,15.287315
252,252,sub-0616,92.1462673611111,18.2082399087877,0.806444062502123,0.503511246209639,0.808333333333333,-1.2095755534625,-4.139502926125,11.943855125,-1.9550605,-7.1678975,11.309075,-0.4904592,-1.6662315,12.62057
253,253,sub-0617,72.3046875,24.7113290947775,0.47887473833592,0.285847241714491,0.825,-2.332148583125,-7.50702018425,12.1571009975,-2.9777045,-10.87335,10.78439,-1.761243,-4.65949900000001,13.54781
254,254,sub-0619,53.8237847222222,32.5345976029212,0.608289504999023,0.494515640304657,0.783333333333333,-1.4409008215825,-4.800542899,12.353703125,-2.117687,-7.7751605,11.57527,-0.7431234,-2.2319,13.195905
255,255,sub-0621,69.4748263888889,33.5427116222731,0.795173876385767,0.413634625837709,0.8,-1.0393162329175,-3.359401987375,14.60337335,-1.8413825,-6.6860625,13.86514,-0.36108145,-1.2585915,15.261305
256,256,sub-0622,59.7330729166667,31.7293717687174,0.613645894997656,0.457454265130747,0.8,-1.463744745975,-4.8529951514125,12.8189553125,-2.106345,-7.718147,12.061565,-0.8756947,-2.33744,13.560425
257,257,sub-0623,69.8679956896552,30.7806698330481,0.582841008622099,0.332401611024868,0.844827586206897,-1.6612014212,-5.4443205593875,12.27625431125,-2.507092,-8.953277,11.36207,-0.850691,-2.2992525,13.08085
258,258,sub-0624,43.8302951388889,34.4598075945468,0.596420880835406,0.429912877821037,0.758333333333333,-0.87262301688125,-3.233660959375,13.5565175875,-1.6593705,-6.103514,13.072185,-0.20475685,-1.147919,14.10553
259,259,sub-0625,76.3042534722222,34.6620453067528,1.14909210666471,0.469107433831601,0.816666666666667,-0.855983061762375,-2.6719188512,13.56834310125,-2.396631,-8.201339,12.73506,0.021250125,-0.6216382,14.479915
260,260,sub-0626,38.5683760683761,33.810661989016,0.487426241034936,0.386539928227487,0.760683760683761,-1.23633323241187,-4.24430442374375,14.246832725,-2.3078165,-7.943796,13.428,-0.42026965,-1.523187,14.982115
261,261,sub-0628,61.9724893162393,35.6935884366939,0.684296088460355,0.376970472783027,0.794871794871795,-0.921890983995,-3.4897000635,13.0930401625,-1.7256855,-6.277805,12.630285,-0.275594650000001,-1.5262195,13.59372
262,262,sub-0630,61.5896545584046,31.904397473543,0.718235709397003,0.601713897774232,0.794871794871795,-1.0105566737225,-3.777991181375,11.944910325,-1.68121,-6.320138,11.467995,-0.4485673,-1.883105,12.4701
263,263,sub-0631,56.3194444444444,37.9756860260248,0.623954681664084,0.398924256562727,0.783333333333333,-1.591198557825,-5.301888105625,12.5271011875,-2.1560235,-8.0423815,11.623285,-1.0356615,-2.9986895,13.415545
264,264,sub-0632,20.2599789915966,17.5205143054458,0.944182110924916,0.456503426317848,0.798319327731092,-1.8526546219375,-6.0164125581875,13.72396818375,-2.49242,-9.108514,12.59257,-1.204773,-3.136668,14.738115
265,265,sub-0633,77.9329978813559,34.0190625143985,0.491203782199961,0.317301265922533,0.813559322033898,-1.21416799194213,-4.11484857425,11.4056774025,-2.1019585,-7.544001,10.77877,-0.41241145,-1.5730625,12.197545
266,266,sub-0638,64.1948784722222,29.1545498476976,1.13144124834022,0.688952349863865,0.808333333333333,-1.16880068658687,-3.8691273413875,13.6582577125,-1.980593,-7.227321,12.969485,-0.3803167,-1.2550285,14.297205
267,267,sub-0639,81.1480034722222,28.3675586411162,0.415630966659713,0.262827079932096,0.816666666666667,-1.22220928559888,-4.022265611625,13.294919725,-2.121171,-7.6376665,12.603005,-0.3216823,-1.1910745,13.993245
